title,author,unit,degree,year,abstract,keywords,directions_str,source_keyword,source_url,source_site
基于Web的化工安全语音合成平台的研究与开发,徐梦洁,合肥学院,硕士,2023,,化工安全；语音合成；音频工具；Web开发技术,其他,化工安全,,
基于尺度不变性的化工安全标志检测方法研究,冉烁依,合肥学院,硕士,2023,,,其他,化工安全,,
基于Transformer的化工安全标志检测方法研究与应用,余豪,合肥学院,硕士,2023,,,其他,化工安全,,
重大化工安全事故应急管理机制研究,马国乐,沈阳化工大学,硕士,2022,,,应急处置,化工安全,,
面向化工安全领域的语义检索方法研究,柏宇婕,北京化工大学,硕士,2022,,,其他,化工安全,,
基于元宇宙的化工安全生产建模研究,赵保中,淮阴工学院,硕士,2024,,,其他,化工安全,,
基于文本与视觉双模态结合的化工安全风险识别与分析,黄建辉,中南大学,硕士,2024,,,其他,化工安全,,
面向化工安全评估的复杂网络建模、分析技术研究,陆逸舟,常州大学,硕士,2021,,,其他,化工安全,,
化工安全生产培训质量的评估模型构建研究,丁添奕,杭州电子科技大学,硕士,2025,,,其他,化工安全,,
基于HAZOP报告的化工安全知识图谱问答系统构建,汪港,北京化工大学,硕士,2025,,,风险评价方法,化工安全,,
基于机器视觉的化工安全小目标识别技术研究,王浩,淮阴工学院,硕士,2025,,,其他,化工安全,,
基于知识图谱的化工安全领域智能分析系统研究,吴剑辉,淮阴工学院,硕士,2025,,,其他,化工安全,,
石油化工安全监督检查智能支持系统研发,赵鹏飞,常州大学,硕士,2024,,,其他,化工安全,,
基于耗散理论的区域化工安全脆弱性预警研究,江蕾,南京工业大学,硕士,2024,,,其他,化工安全,,
化工安全盲区的考察与研究,刘天齐,华东理工大学,硕士,2017,,化工安全；盲区,其他,化工安全,,
基于机器学习实现化工安全相关故障的检测与诊断,陈佳辉,郑州大学,硕士,2023,,,其他,化工安全,,
YA化工安全生产责任管理优化研究,高超,南京邮电大学,硕士,2023,,,其他,化工安全,,
基于图神经网络的石油化工安全知识图谱补全技术研究,曹鑫,北京化工大学,硕士,2025,,,其他,化工安全,,
面向化工安全领域的命名实体识别及关系抽取研究,彭兰斐,北京化工大学,硕士,2022,,,其他,化工安全,,
自然语言处理技术在化工安全分析中的应用,冯夏源,四川大学,硕士,2022,,,其他,化工安全,,
面向化工安全知识图谱中的实体抽取和关系抽取研究,任航玉,辽宁工业大学,硕士,2024,,,其他,化工安全,,
面向化工安全生产的安全帽与异物入侵检测方法研究,王达彤,山东大学,硕士,2020,,,其他,化工安全,,
基于改进AHP-DEMATEL的永银化工安全评价及应用,雷震,河南理工大学,硕士,2021,,,风险评价方法,化工安全,,
基于常见化工安全事故调查报告的事理图谱构建方法研究,吴彤,合肥学院,硕士,2023,,,事故分析,化工安全,,
有机磷毒物的NMR快速检测方法及在化工安全分析中的应用,张盈盈,南京理工大学,硕士,2023,,,其他,化工安全,,
化工安全应急救援培训效果评估研究,刘凯,华北科技学院,硕士,2018,,,应急处置,化工安全,,
基于虚拟交互的化工安全培训系统研究,陈桂园,沈阳航空航天大学,硕士,2016,,,人员安全行为,化工安全,,
化工安全生产状态预测系统的研究与实现,张思密,北京邮电大学,硕士,2016,,,其他,化工安全,,
化工安全控制系统中央控制组件的设计与实现,黄彪,杭州电子科技大学,硕士,2013,,,其他,化工安全,,
磷化工安全评价决策支持系统的设计与开发,许冉,郑州大学,硕士,2011,,磷化工；安全评价；决策支持系统；作业条件危险分析；系统安全综合评价,风险评价方法,化工安全,,
基于社会物理学的化工安全事故演化模型与控制模式研究,金逸翔,南京工业大学,硕士,2017,,,事故分析,化工安全,,
基于三维可视化技术的化工安全风险管理平台构建,周晓颖,北京化工大学,硕士,2020,,,其他,化工安全,,
安徽德邦化工安全信息管理与应急救援系统研究,梁莹莹,安徽理工大学,硕士,2019,,,应急处置,化工安全,,
胜华化工安全文化构建研究,陈荣芳,中国石油大学,硕士,2011,,,企业安全管理,化工安全,,
基于小波神经网络的化工安全评价研究,李晓利,太原理工大学,硕士,2007,,,风险评价方法,化工安全,,
基于道化学公司安全评价标准的化工安全评价计算机辅助系统的研究,李媛,北京化工大学,硕士,2004,,,风险评价方法,化工安全,,
M化工企业PBT项目安全风险管理研究,王林,新疆大学,硕士,2023,,,其他,化工安全,,
乌兰察布市化工行业安全监管问题研究,郭立婷,内蒙古大学,硕士,2022,,,安全监管体系,化工安全,,
智能化工装备与系统的多尺度物联构架与安全效应,杨智敏,广东工业大学,硕士,2024,,,智能化监管,化工安全,,
化工生产过程中安全防护品佩戴检测技术研究,张冰莹,淮阴工学院,硕士,2023,,,其他,化工安全,,
基于化工危险品知识图谱的问答系统研究与应用,张发伟,合肥学院,硕士,2023,,,其他,化工安全,,
基于视觉SLAM的化工巡检车建图算法研究,王瑞,淮阴工学院,硕士,2023,,,其他,化工安全,,
基于时空特征融合的深度学习化工过程故障诊断方法研究,张子龙,燕山大学,硕士,2025,,化工过程故障诊断；化工安全；深度学习；时空特征融合；可解释性分析,其他,化工安全,,
化工企业职业安全健康风险评估指标体系研究,杨婷婷,重庆医科大学,硕士,2025,,,风险评价方法,化工安全,,
面向化工实验室的开放式智能监控系统设计,陈磊静,四川大学,硕士,2021,,,其他,化工安全,,
基于前景理论的化工生产监管演化博弈研究,张志颖,大连理工大学,硕士,2021,,,其他,化工安全,,
DH化工企业轻烃项目安全管理研究,张艳明,北京化工大学,硕士,2022,,,其他,化工安全,,
A化工企业安全风险评价研究,李涛,青岛科技大学,硕士,2022,,,风险评价方法,化工安全,,
境外A化工项目安全管理评估研究,易小红,西南交通大学,硕士,2022,,,其他,化工安全,,
基于风险云图的化工企业动态风险预警与定量风险评估技术研究,牛宪涛,华侨大学,硕士,2022,,,风险评价方法,化工安全,,
精细化工反应安全评估方法在高危化工工艺中的应用,张克非,北京化工大学,硕士,2021,,,其他,化工安全,,
煤化工企业安全风险评价方法研究,张兰,重庆大学,博士,2017,,,风险评价方法,化工安全,,
化工园区供热系统安全风险管理研究——以N化工园为例,杨楠,浙江大学,硕士,2024,,,园区安全管理,化工安全,,
慧康生物化工生产安全风险评价研究与应用,史钰,西安科技大学,硕士,2019,,,风险评价方法,化工安全,,
煤化工过程安全和环境性能评价方法研究,王旸,华东理工大学,硕士,2016,,,其他,化工安全,,
化工园区整体性安全风险评估研究,张皓,首都经济贸易大学,硕士,2024,"化工园区具有生产装置大型化、生产工艺复杂性以及生产连续化等特点,园区内企业呈现多元化发展趋势,这对园区的安全生产管理带来了巨大挑战...",化工园区；多米诺效应；风险分级；AHP-DEMATEL；二维云模型,园区安全管理 / 风险评价方法,化工安全,,
鄂尔多斯市煤化工行业安全管理问题研究,段志强,内蒙古大学,硕士,2014,,煤化工；安全管理；鄂尔多斯市,其他,化工安全,,
典型化工企业生产过程安全与环境风险评价,陈秀颀,青岛科技大学,硕士,2015,,,风险评价方法,化工安全,,
基于石油化工行业安全问题的安全管理信息系统设计与实现,邓跃,北京工业大学,硕士,2017,,,其他,化工安全,,
龙口港液体化工码头安全管理评价研究,吕烨,大连海事大学,硕士,2013,,,其他,化工安全,,
化工仪表网的网关研究,尤竹钧,淮阴工学院,硕士,2023,,,其他,化工安全,,
ZS石化公司安全管理评价研究,罗莹,沈阳航空航天大学,硕士,2022,,,其他,化工安全,,
M煤化工企业安全信息共享模式研究,王念祖,河北工程大学,硕士,2022,,,其他,化工安全,,
中小型化工企业的安全文化与工程伦理研究,蔡辰,淮安大学,硕士,2022,,,企业安全管理,化工安全,,
基于风险的张城垸化工园区整体性安全评估研究,阳云风,武汉工程大学,硕士,2022,,,园区安全管理,化工安全,,
基于HAZOP和过程模拟的化工工艺安全性分析及优化,高明雪,沈阳化工大学,硕士,2022,,,风险评价方法,化工安全,,
基于数据的非平稳化工过程监测方法研究,纪成,北京化工大学,博士,2023,,,其他,化工安全,,
化工工艺流程气体泄漏扩散仿真建模研究,刘乐天,北京化工大学,硕士,2023,,,其他,化工安全,,
基于虚拟现实的化工园区安全培训系统设计,吕云,哈尔滨理工大学,硕士,2023,,,园区安全管理 / 人员安全行为,化工安全,,
基于物联网化工实验室的设备制造与安全监控系统设计,肖洋,浙江科技大学,硕士,2024,,化工实验室；实验室安全；物联网；设备管理；blinker云平台,智能化监管,化工安全,,
基于HFACS模型的化工企业安全生产事故致因因素研究,马鑫,曲阜师范大学,硕士,2024,,,事故分析,化工安全,,
ENH公司安全风险评估与管理研究,冯飞,北京化工大学,硕士,2022,,,风险评价方法,化工安全,,
基于KAN模型的化工过程软测量研究及智能工业系统开发,杨韬,北京化工大学,硕士,2025,,,其他,化工安全,,
化工园区危险性分析与评价,孟宇强,沈阳化工大学,硕士,2021,,,园区安全管理,化工安全,,
化工企业数据安全保护的技术研究,陈冠华,淮阴工学院,硕士,2021,,,其他,化工安全,,
面向化工园区重大危险源的动态预测及评估方法研究,谢晨风,杭州电子科技大学,硕士,2020,,,园区安全管理,化工安全,,
以化工产业为主导的区县风险评估研究——以猇亭区为例,洪永鑫,武汉大学,硕士,2020,,,风险评价方法,化工安全,,
Z市化工企业安全生产监管现状分析与完善对策研究,陆祺,江苏大学,硕士,2023,,,安全监管体系,化工安全,,
化工生产设备关联性风险辨识与评估研究,罗雅月,北京石油化工学院,硕士,2022,,,其他,化工安全,,
在役化工过程安全仪表系统屏障分析及SIL评估,关鹏婷,中国石油大学(北京),硕士,2023,,,其他,化工安全,,
云模型在高校化工类实验室安全管理评价中的应用,滕博,中北大学,硕士,2023,,,其他,化工安全,,
化工生产车间动态安全标志呈现方式感知效果研究,李晓桐,辽宁工程技术大学,硕士,2023,,,其他,化工安全,,
基于安全结构理论的化工生产事故对策研究,贾松蒙,辽宁工程技术大学,硕士,2021,,化工生产事故；事故统计；安全管理；统计分析；安全结构理论；安全管控,其他,化工安全,,
基于定目标和系统综合的化工过程安全风险削减方法研究,刘瀚泽,青岛科技大学,硕士,2023,,,其他,化工安全,,
化工改扩建项目消防安全评价研究——基于组合权重模糊综合评价法,郭坤,东北财经大学,硕士,2023,,,风险评价方法,化工安全,,
基于可拓学的化工企业安全风险评价研究,李通鑫,中国石油大学(华东),硕士,2021,,,风险评价方法,化工安全,,
基于配送机器人的化工园区事故预救援研究,于恺滢,天津理工大学,硕士,2025,,,园区安全管理,化工安全,,
基于人工神经网络化工企业安全评价方法的研究,高玮,大连交通大学,硕士,2007,,,风险评价方法,化工安全,,
基于人工神经网络的石油化工企业安全评价研究,陈祎,福州大学,硕士,2004,,,风险评价方法,化工安全,,
基于改进YOLOv7的化工车间安全防护着装检测研究,王皓,安徽理工大学,硕士,2025,,,其他,化工安全,,
化工园区火灾场景分析与安全疏散研究,李帆,太原科技大学,硕士,2022,,,园区安全管理,化工安全,,
NJ化工园区危化品物流安全管理研究,王荣俊,南京农业大学经济管理学院,硕士,2022,,,园区安全管理,化工安全,,
复杂大规模化工过程分布式过程监测及故障诊断策略研究,宋玮,北京化工大学,硕士,2024,,,其他,化工安全,,
TY化工有限公司安全生产影响因素分析与管理对策研究,顾明华,沈阳化工大学,硕士,2021,,,其他,化工安全,,
基于自编码器和门控循环单元的化工过程故障监测与诊断研究,王雅楠,北京化工大学,硕士,2024,,,其他,化工安全,,
基于互信息主成分分析对多工况化工过程监测的研究,王松涛,北京化工大学,硕士,2024,,,其他,化工安全,,
化工设备振动监测终端研发与应用,邓蛟,淮阴工学院,硕士,2023,"...、金属疲劳的发生或内部零件磨损,使得化工设备产生异常振动从而影响设备的正常运转,甚至造成安全生产事故。因此,对化工设备运行状态进行监测及时发现异常显得尤为重要...",化工设备；振动监测；故障诊断；迁移学习,其他,化工安全,,
面向化工生产车间的图像描述研究,张新新,淮阴工学院,硕士,2023,"...。人工监督的管理方式不仅增加了管理成本,而且可能致使化工生产过程中产生不必要的安全事故隐患或造成直接的经济效益损失。本文通过引入图像描述技术来实现对化工生产过程的深度理解和感知,提高对化工工业产品生产过程的自动化与智能化管理水平...",图像描述；化工生产；位置编码；多交互信息融合；深度学习,其他,化工安全,,
基于人体关键点检测的安全作业人员设备操作动作识别方法,张加伟,杭州电子科技大学,硕士,2025,,人体关键点检测；目标检测；化工安全生产；盲板抽堵；倒泵操作,其他,化工安全,,
LMBP神经网络方法在化工企业安全评价中的应用,刘璐,天津大学,硕士,2016,,,风险评价方法,化工安全,,
基于深度学习的化工生产安全状态检测研究,叶德阳,淮阴工学院,硕士,2023,,,其他,化工安全,,
煤化工生产安全管理问题研究：以鄂尔多斯市为例,李丰,内蒙古大学,硕士,2014,,,其他,化工安全,,
B市化工企业安全风险评估及预警研究,张力,北京化工大学,硕士,2019,,,风险评价方法,化工安全,,
基于AR技术的危险化学品企业安全巡检系统,李子阳,北京化工大学,硕士,2022,,,其他,化工安全,,
基于系统动力学的化工园区事故演化分析与对策研究在A化工园区的应用,黄经程,四川大学,硕士,2023,,,事故分析 / 园区安全管理,化工安全,,
化工企业社会责任研究——以A化工园区为例,钱林芳,江南大学,硕士,2021,,,园区安全管理,化工安全,,
化工过程的本质安全评估模型及安全-经济评价、优化的研究,朱佳兴,天津大学,博士,2023,,,其他,化工安全,,
化工园区应急能力评估模型及方法研究,马宏宣,中国地质大学(北京),硕士,2024,,化工园区；安全生产；应急能力；评估模型；成熟度理论,应急处置 / 园区安全管理,化工安全,,
化工事故报告知识图谱构建方法研究,韩庆宾,淮阴工学院,硕士,2024,,,其他,化工安全,,
A化工企业员工不安全行为研究,景雅治,北京交通大学,硕士,2019,,,人员安全行为,化工安全,,
基于深度学习的化工车间常见不安全行为检测,钟海莲,淮阴工学院,硕士,2024,,,人员安全行为,化工安全,,
G市化工园区安全监管的数字化建设路径研究,程婷婷,西北农林科技大学,硕士,2022,,,安全监管体系 / 园区安全管理 / 智能化监管,化工安全,,
化工过程开车过程故障诊断方法研究,王振恒,北京化工大学,硕士,2009,,,其他,化工安全,,
基于精益思想的A高校B化工类实验室安全管理应用研究,何喜荣,厦门大学,硕士,2022,,,其他,化工安全,,
安全视角下长春北湖化工园区选址与危险品运输路径研究,张强,哈尔滨工业大学,硕士,2022,,,运输路径优化 / 园区安全管理,化工安全,,
S市智慧化工园区大数据项目进度与风险管理研究,宋思聪,北京化工大学,硕士,2023,,,园区安全管理 / 智能化监管,化工安全,,
基于多米诺效应的化工园区区域风险安全管理研究——以BH化工园区为例,李月,南京农业大学,硕士,2020,,化工园区；多米诺效应；安全管理；区域风险,园区安全管理,化工安全,,
基于化工园区火灾风险等级安全巡检机器人路径优化,王浩,北京石油化工学院,硕士,2021,,,运输路径优化 / 园区安全管理,化工安全,,
化工过程异常检测方法研究及应用,王嘉玺,北京化工大学,硕士,2022,,,其他,化工安全,,
嘉兴市化工园区安全风险管理研究,张伟强,上海交通大学,硕士,2021,,,园区安全管理,化工安全,,
化工爆炸事故原因分析与对策研究,郝鑫瑞,吉林建筑大学,硕士,2022,,,事故分析,化工安全,,
基于机器视觉的化工厂区人员安全监测应用技术研究,许林杰,淮阴工学院,硕士,2023,,,其他,化工安全,,
A化工生产项目施工风险评价,谢刚,西南交通大学,硕士,2022,,,风险评价方法,化工安全,,
化工材料行业数据平台的设计与实现,山璐旻,华东师范大学,硕士,2022,,,其他,化工安全,,
化工园区安全风险动态管控技术研究,曲秋影,中国石油大学(华东),硕士,2021,,,园区安全管理,化工安全,,
草甘膦生产车间的安全风险评估应用研究,杨启,广东工业大学,硕士,2022,,,风险评价方法,化工安全,,
湖北省典型化工园区安全管理问题及对策研究,田纪锋,中共湖北省委党校,硕士,2020,,,园区安全管理,化工安全,,
QT化工公司安全精细化管理研究,刘晓雨,东北石油大学,硕士,2020,,,其他,化工安全,,
化工企业一线员工不安全行为影响因素研究,徐晓明,西安科技大学,硕士,2020,,,人员安全行为,化工安全,,
我国危险化学品安全监管制度研究,李欣然,中国矿业大学,硕士,2025,,,安全监管体系,危险化学品安全监管,,
南京市中小企业危险化学品安全监管研究,孟凡晟,上海海洋大学,硕士,2024,,,安全监管体系,危险化学品安全监管,,
基于事故案例的危险化学品安全监管系统功能失效模式分析,霍思雨,中国地质大学(北京),硕士,2022,,危险化学品；安全监管；监管系统；功能失效；失效模式,安全监管体系,危险化学品安全监管,,
危险化学品安全监管体系研究——以YC市为例,孙辉,东南大学,硕士,2021,,,安全监管体系,危险化学品安全监管,,
数字治理视角下危险化学品安全监管难点及路径优化研究,徐硕,吉林大学,硕士,2025,,,运输路径优化 / 安全监管体系,危险化学品安全监管,,
金普新区危险化学品安全监管失效案例研究,赵伟楠,大连理工大学,硕士,2022,,,安全监管体系,危险化学品安全监管,,
危险化学品安全监管绩效评价研究——以青岛西海岸新区为例,丛帅,青岛理工大学,硕士,2020,,,安全监管体系,危险化学品安全监管,,
Z市危险化学品安全监管的问题与对策研究,唐熙,西南科技大学,硕士,2021,,,安全监管体系,危险化学品安全监管,,
泉州市危险化学品安全监管政策执行研究,苏伟仁,华侨大学,硕士,2017,,,安全监管体系,危险化学品安全监管,,
忻州市危险化学品安全监管问题与对策研究,康艳飞,西北大学,硕士,2016,,,安全监管体系,危险化学品安全监管,,
苏州市吴中区危险化学品安全监管对策研究,丁佳敏,大连理工大学,硕士,2022,,,安全监管体系,危险化学品安全监管,,
沾化县危险化学品安全监管模式研究与改进,郭莹莹,长安大学,硕士,2013,,,安全监管体系,危险化学品安全监管,,
城市危险化学品安全监管长效机制构建研究,李本一,太原理工大学,硕士,2011,,,安全监管体系,危险化学品安全监管,,
我国危险化学品安全监管研究——基于联动协调机制的分析,包雪峰,南京师范大学,硕士,2017,,,安全监管体系,危险化学品安全监管,,
常州市危险化学品安全监管长效机制构建研究,王漪,苏州大学,硕士,2013,,,安全监管体系,危险化学品安全监管,,
张家港市危险化学品安全监管研究,范永刚,同济大学经济与管理学院,硕士,2008,,张家港市；危险化学品；安全生产；安全监管；安全管理；生产工；学术界；特大安全事故；生态环境污染；机制；公共管理理论；健康和安全；化学品生产；重视安全；重点行业；重大损失；严重损害；生产状况；社会稳定；切实加强,安全监管体系,危险化学品安全监管,,
危险化学品安全监管信息化的研究,周琦,江苏大学,硕士,2005,,,安全监管体系 / 智能化监管,危险化学品安全监管,,
大丰港区危险化学品政府安全监管研究,贾娟,大连海事大学,硕士,2018,,,安全监管体系,危险化学品安全监管,,
S省危险化学品行业安全监管研究,郝哲远,西安电子科技大学,硕士,2023,,,安全监管体系,危险化学品安全监管,,
惠安县危险化学品安全监督管理研究,陈恒,华侨大学,硕士,2017,,,其他,危险化学品安全监管,,
大连金州新区危险化学品经营企业安全监管调查研究,王亚明,大连理工大学人文与社会科学学部,硕士,2015,,,安全监管体系,危险化学品安全监管,,
危险化学品生产经营单位安全生产监管现状及对策研究：以东莞市为例,罗柱洪,广西师范大学,硕士,2013,,,安全监管体系,危险化学品安全监管,,
高速公路危险化学品运输安全风险评估研究,范芮雯,贵州大学,硕士,2023,,,运输风险评估 / 风险评价方法,危险化学品安全监管,,
M区危险化学品安全生产监管存在的问题及对策研究,王笑宇,山东大学,硕士,2022,,,其他,危险化学品安全监管,,
P市危险化学品企业安全生产分级监管研究,杨宝,西南财经大学,硕士,2022,,,其他,危险化学品安全监管,,
S市危险化学品安全生产监管中的问题与对策研究,蔡灵男,四川大学,硕士,2022,,,其他,危险化学品安全监管,,
大连海关危险化学品进口监管现状及对策研究,于永斌,大连理工大学,硕士,2021,,,安全监管体系,危险化学品安全监管,,
XT市危险化学品安全生产监管问题研究,宫海波,湖南农业大学,硕士,2020,,,安全监管体系,危险化学品安全监管,,
面向危险化学品存储技术的命名实体识别研究,王生旗,合肥学院,硕士,2023,,,其他,危险化学品安全监管,,
A县危险化学品生产经营企业安全监管体制优化研究,李星,西北大学,硕士,2020,,,安全监管体系,危险化学品安全监管,,
物联网背景下危险品道路运输安全监管研究——以N市化工园区为例,朱巧巧,南京理工大学,硕士,2023,"...,以N市代表性区域交通运政部门对化学工业园区的公共管理实践为例,梳理其学工业园区的危险品道路运输安全监管发展历程与存在的问题,从政策、机制、技术等方面研究制约危险品道路运输安全监管发展的深层原因...",危险品运输管理；运政安全监管；数字治理；技术治理,运输监管 / 安全监管体系 / 园区安全管理 / 智能化监管,危险化学品安全监管,,
C市港口危险货物安全监管问题与对策研究,杨治林,西南政法大学,硕士,2022,"...,对以石油、天然气、化工原料品等危险化学品为代表的危险货物的需求量急剧增加。水运由于成本低......,从中央到地方都高度重视港口危险货物安全问题。但港口安全监管受各方面因素影响,复杂的外部形势是地方港口管理部门做好危险货物安全监管的重大考验...",港口；危险货物；安全监管,安全监管体系,危险化学品安全监管,,
基于24Model-HC与NVivo的危险化学品事故原因分析研究,武志军,江苏大学,硕士,2023,,24Model；NVivo；事故原因分析；危险化学品事故；事故致因理论,事故分析,危险化学品安全监管,,
面向危险化学品道路运输爆炸事故智能决策的应急方案数据库,王梦婷,江汉大学,硕士,2023,,,运输监管 / 事故分析,危险化学品安全监管,,
风险管理视角下Z市危险化学品安全生产监管研究,张毅,湖南大学,硕士,2019,,,其他,危险化学品安全监管,,
福建省危险化学品安全生产监管研究,林媛,福建农林大学,硕士,2017,,,其他,危险化学品安全监管,,
庄河市危险化学品行业安全生产,周孟键,大连海事大学,硕士,2019,,,其他,危险化学品安全监管,,
安宁市危险化学品安全生产监管的主要问题及对策研究,刘雯婷,云南大学,硕士,2019,,,其他,危险化学品安全监管,,
危险化学品监管机制建构研究,王慧丽,山东师范大学,硕士,2014,,,安全监管体系,危险化学品安全监管,,
陕西省道路危险品运输安全监管问题与对策研究,许丹萍,西北大学,硕士,2020,,,安全监管体系,危险化学品安全监管,,
基于LabVIEW的危险化学品仓库无线监管系统设计,魏东格,天津理工大学,硕士,2021,,,其他,危险化学品安全监管,,
危险化学品储运管理系统的设计与实现,王圣鑫,山东科技大学,硕士,2023,,,其他,危险化学品安全监管,,
危险废物环境安全风险评估技术研究,钱若晨,中钢集团武汉安全环保研究院,硕士,2023,,,风险评价方法,危险化学品安全监管,,
宁夏危险货物道路运输安全监管系统建设研究,徐鹏,重庆交通大学,硕士,2020,,,运输监管 / 安全监管体系,危险化学品安全监管,,
H市危险化学品安全生产应急管理体系研究,金鑫,哈尔滨工业大学,硕士,2022,"近年来,由危险化学品引发的社会事件时有发生,例如天津滨海新区危险品爆炸事故等类似事件直接威胁社会安全。此类事件的发生表明地方政府危险化学品安全生产监管和事故应急救援机制尚存诸多待完善之处...",危化品生产；安全事故；应急管理,应急处置,危险化学品安全监管,,
危险化学品重大危险源安全监管系统的设计与实现,王兴红,电子科技大学,硕士,2015,,危险化学品；重大危险源；安全监管；物联网技术；设计实现；试点应用,安全监管体系 / 智能化监管,危险化学品安全监管,,
青岛某区危险化学品安全风险调查评估及对策建议,徐伟娜,山东科技大学,硕士,2019,,,其他,危险化学品安全监管,,
危险化学品公路运输安全管理策略研究,黄兰,北京化工大学,硕士,2017,,,运输监管,危险化学品安全监管,,
河南省危险化学品安全生产问题研究,张建伟,郑州大学,硕士,2017,,,其他,危险化学品安全监管,,
临沂市危险化学品安全生产监督管理研究,程强,南京航空航天大学,硕士,2017,,,其他,危险化学品安全监管,,
危险化学品行业生产安全监管研究——以张家港市为例,高凯,西北农林科技大学,硕士,2016,,,安全监管体系,危险化学品安全监管,,
整体性治理视角下危险化学品碎片化监管问题研究——基于N市的研究,丁甜甜,华东理工大学,硕士,2019,,,安全监管体系,危险化学品安全监管,,
危险化学品道路运输监管研究,斯樊锋,复旦大学,硕士,2007,,,运输监管,危险化学品安全监管,,
危险化学品信息系统设计与实现,张扬之,浙江工业大学,硕士,2014,,,其他,危险化学品安全监管,,
区域工贸企业安全智能监管模式研究及应用,朱伶俐,重庆科技学院,硕士,2023,,,安全监管体系 / 智能化监管,危险化学品安全监管,,
基于机器学习和质谱描述符的有机化学品风险预测,胡松,山东大学,硕士,2023,,,其他,危险化学品安全监管,,
孝感市危险化学品监管系统的设计研究,刘倩,中国地质大学(武汉),硕士,2008,,,其他,危险化学品安全监管,,
澳门危险化学品储运监管制度之研究,谢耀光,华侨大学,硕士,2005,,,安全监管体系,危险化学品安全监管,,
兰州市危险化学品行业安全监管研究,石,西北师范大学,硕士,2016,,,安全监管体系,危险化学品安全监管,,
典型有机化学品的人体致癌毒性和内分泌干扰毒性的机器学习分类与回归模型预测,郝宁,吉林大学,硕士,2024,"...、美国生态环境保护署和欧洲环境署等国家环境保护机构正面临评估化学品的健康危害和环境影响的挑战,故寻找高效可靠的化学品毒性评估方法迫在眉睫。本文通过中华人民共和国应急管理部（原中国国家安全监管总局）发布的《危险化学品目录（2015版）》...",机器学习；有机化学品；致癌性；内分泌干扰性；分子动力学,其他,危险化学品安全监管,,
服务性政府视角下的危险化学品监管研究——以义乌市为例,陈梦蕾,浙江师范大学,硕士,2016,...、电镀等义乌支柱行业的快速发展，危险化学品的作用日益凸显。义乌市危险化学品产业分布广，企业呈“小、散、乱”状态、致使监管非常困难。目前本市安全监管中比较突出的三个矛盾即产业发展与城市规划所产生的矛盾...,服务性；政府；视角；危险化学品；监管研究,其他,危险化学品安全监管,,
基于双目视觉的危险化学品库内堆垛测距关键技术的研究,袁碧贤,北京化工大学,硕士,2019,"...,研究机器视觉中的双目视觉测距方法实现对危化品堆垛“五距”测量,进而实现堆垛的安全状态监测,是非常有前景的解决方案,对于危险化学品的有效监管与安全预防有重要的意义。本文开展双目视觉“五距...",双目视觉；危险化学品；堆垛；测距,其他,危险化学品安全监管,,
A市危险化学品安全生产监管困境及其对策研究,徐艳,华东政法大学,硕士,2025,...,,其他,危险化学品安全监管,,
四川省D市安全生产监管机制研究,刘涛,中共四川省委党校,硕士,2022,,安全生产；工业城市；监管机制,安全监管体系,危险化学品安全监管,,
危险化学品运输车辆监控系统设计与研究,夏武,江汉大学,硕士,2017,,,其他,危险化学品安全监管,,
协同视角下姜堰区机械制造业企业安全生产监管研究,陈祎,南京理工大学,硕士,2024,,,其他,危险化学品安全监管,,
东莞市危险化学品经营安全监管问题与对策研究,邓俊浩,中山大学政治与公共事务管理学院,硕士,2011,,,安全监管体系,危险化学品安全监管,,
危险化学品生产企业安全等级定量评估方法研究,陈震西,首都经济贸易大学,硕士,2017,,,其他,危险化学品安全监管,,
危险化学品道路运输安全保障管理对策研究,张爱红,长安大学,硕士,2011,,,运输监管,危险化学品安全监管,,
危险化学品水路运输安全监督博弈问题研究,袁国栋,大连海事大学,硕士,2008,,,其他,危险化学品安全监管,,
化工园区危险化学品事故应急调度的研究,任正中,北京化工大学,硕士,2016,,,园区安全管理,危险化学品安全监管,,
危险化学品运输安全的优化调度研究,马欣,中国地质大学(武汉),硕士,2011,,,其他,危险化学品安全监管,,
典型危险化学品环境风险评价的应用研究,李向阳,天津工业大学,硕士,2015,,,风险评价方法,危险化学品安全监管,,
基于RFID技术的危险化学品智能仓储管理系统,杨飞龙,天津理工大学,硕士,2015,"...、信息修改功能等不仅加强了信息的安全性,同时也使用户查阅信息更加方便,大大提高了危险化学品仓储管理系统的自动化和智能化水平......,能够应用于危险化学品仓库的日常监管中。",危险化学品；智能仓储管理系统；RFID；LabVIEW；无线充电,储存安全,危险化学品安全监管,,
危险化学品选址及车辆路径问题研究,徐腾飞,北京化工大学,硕士,2015,"...。随着经济的快速发展,危险化学品的生产量以及使用量日益增加,其生产和运输面临着更大的安全以及监管压力。对生产和使用危险化学品的化工厂建立应急中心并对应急中心进行合理的选址...",危险化学品；应急中心选址；车辆路径问题；多目标规划；蚁群算法,运输路径优化,危险化学品安全监管,,
危险化学品道路运输事故分析及选线研究,朱婷,上海交通大学,硕士,2015,...，不乏造成巨大经济和社会损失的重大事故。为了降低危险化学品道路运输风险，确保运输安全，同时为政府监管部门及危险化学品运输企业提供相应管理决策支持，本文对危险化学品道路运输事故及运输选线进行了相关研究...,危险化学品；运输企业；风险控制；事故分析；选线管理,运输监管 / 运输风险评估 / 事故分析,危险化学品安全监管,,
A公司危险化学品仓储安全性评价与风险防范对策研究,李晓雨,南京财经大学,硕士,2016,...。2015年轰动全国的812天津爆炸事故再次引起社会关注，给监管部门和责任主体敲响了警钟。 安全生产管理是企业管理的重要组成部分，关系着企业的生存和发展。危险化学品仓库是易燃易爆等化学物品的集中储存场所，建设初期就需要考虑选址...,化工企业；危险化学品；仓储安全性；风险防范；作业流程,储存安全,危险化学品安全监管,,
Z市危险化学品安全生产监管存在问题及对策研究,付净萍,四川大学,硕士,2024,...,,其他,危险化学品安全监管,,
中国危险化学品事故统计分析与对策研究,杨洪敏,辽宁师范大学,硕士,2012,...，探讨危险化学品事故的未来趋势，为危险化学品事故的应急管理提供科学依据。首先，本文基于国家安全生产监督管理总局和中国化工安全网这2个网站的数据......、伤亡人数多等特点。监督管理部门职能交叉监管不利、企业无证经营等现象是引起危险化学品事故频繁发生的根本原因...,危险化学品；统计分析；聚类分析；指数平滑法,其他,危险化学品安全监管,,
临沂市危险化学品安全生产管理现状及对策研究,李爱玲,山东大学,硕士,2012,...，从多个方面和环节采取一系列措施加强安全生产管理，初步形成综合监管和行业监管结合、国家监察与地方监察结合、政府监督和其他监督结合的安全管理格局1。危险化学品是安全生产管理的一个重要和重点组成部分...,危险化学品；安全生产；管理体系；应急体系,企业安全管理,危险化学品安全监管,,
农业化学实验室智能安全管理系统的研究,张悦云,湖南农业大学,硕士,2021,"...、助燃等性质的危险化学药品,对人体、设施、环境均存在一定的安全隐患。近年来实验室危化品引发的安全事故频发......,可有效对实验室各类安全要素进行监管和预警,对推进实验室安全管理数字化...",实验室安全；危险化学品；人脸识别技术；物联网；多传感器数据融合,智能化监管,危险化学品安全监管,,
J区危险化学品安全生产监管存在的问题及对策研究,奚栋梁,扬州大学,硕士,2018,"...,是构建和谐社会的重要基础。如今,危险化学品使用范围涉及到人们生产生活的各个方面,接二连三发生的生产安全事故,一次次的给我们敲响了警钟。本文从责任主体、监管效能、社会制约机制三个方面总结了...",,其他,危险化学品安全监管,,
基于FRAM的危险化学品道路运输系统恢复力提升研究,张杨薇,中国地质大学(北京),硕士,2018,"危险化学品道路运输的安全是我国重点关注的问题之一......,对这些功能的变化和变化耦合情况进行分析,并提出相应的屏障和监管的建议措施,对危险化学品道路运输系统的运行管理过程提出了改进意见...",恢复力；危险化学品道路运输；安全管理；功能共振分析方法,运输监管,危险化学品安全监管,,
危险化学品危害风险信息多向交叉沟通机制研究,李慧茹,北京理工大学,硕士,2018,"针对当前危险化学品事故频发与公众安全防护安全常识没有随之增加的现实挑战......,结合危化品法律法规和危化品管控实际案例,以及危化品监管现状,构建出危化品风险信息多向交叉沟通机制...",危险化学品；风险沟通；正式沟通；非正式沟通；信息多向交叉,其他,危险化学品安全监管,,
我国危险品航空运输监管机制研究,孙本芳,上海交通大学,硕士,2008,,危险品航空运输；监管；机制,运输监管 / 安全监管体系,危险化学品安全监管,,
协同治理视角下广州海珠区安全生产监管优化研究,龚文涛,华南理工大学,硕士,2022,,,其他,危险化学品安全监管,,
危险化学品生产安全事故应急管理问题研究——以杭州湾上虞工业园区为例,吴述兰,新疆农业大学,硕士,2016,,,应急处置,危险化学品安全监管,,
基于时空数据的非法化学品工厂地理位置检测,朱政,电子科技大学,硕士,2022,,,其他,危险化学品安全监管,,
大型城市的小包装危险化学品的经营方案,黄静哲,上海财经大学,硕士,2007,"...、经营和使用如何确保安全的问题。 目前,对于危险化学品的危害、对于危险化学品如何管制研究成果很多,形成大多数的解决方案是通过制订法律法规、加强监管、增加技术手段或者是围绕危险化学品本身入手...",大型城市；小包装危险化学品；危险化学品管制；分销模式；经营方案,其他,危险化学品安全监管,,
危险化学品物流配送优化技术研究,易玉枚,东北大学,硕士,2009,"...。基于配送过程风险分析的选址-选线优化研究可降低危险化学品道路运输事故率和沿线人员伤亡风险,为政府监管部门和危险化学品生产经营单位的运输安全规划提供决策技术支持。再一方面...",危险化学品；配送中心；选址-选线；优化；算法,运输路径优化,危险化学品安全监管,,
安全监管对化工行业生产率的影响分析,戴欣,浙江财经大学,硕士,2020,,化工行业；安全监管；化工行业生产率；U型；监管体系,安全监管体系,危险化学品安全监管,,
危险化学品行政许可制度的比较与实践,王鹏,天津工业大学,硕士,2011,,,其他,危险化学品安全监管,,
危险化学品泄漏应急堵漏子系统的设计与实现,秦童,北京邮电大学,硕士,2007,,,其他,危险化学品安全监管,,
重庆市危险化学品企业环境风险分级管理研究,石运刚,重庆大学,硕士,2016,,,其他,危险化学品安全监管,,
佛山市危险化学品安全管理存在问题及其对策研究,朱锦泉,华南师范大学,硕士,2008,,,其他,危险化学品安全监管,,
国家安全生产信息系统危险化学品监管子系统的设计与实现,隗光远,北京邮电大学,硕士,2008,,,其他,危险化学品安全监管,,
基于Agent的危险化学品安全生产信息采集系统研究,刘婕,昆明理工大学,硕士,2010,,,其他,危险化学品安全监管,,
海上危险货物运输海事监管研究,洪辉,大连海事大学,硕士,2014,,,其他,危险化学品安全监管,,
开发区工业园危险化学品应急管理能力调研分析,张润婕,首都经济贸易大学,硕士,2014,,,应急处置,危险化学品安全监管,,
海关危化品信息化监管问题及对策研究,管晓倩,上海海关学院,硕士,2023,,,安全监管体系 / 智能化监管,危险化学品安全监管,,
长江干线危险品运输安全保障体系研究,王涛,武汉理工大学,硕士,2009,,,其他,危险化学品安全监管,,
基于电子标签的危险化学品气瓶安全管理系统研究与开发,康健,上海交通大学,硕士,2006,,,其他,危险化学品安全监管,,
基于风险公平性的危险品道路运输车辆调度问题研究,刘洪义,西南交通大学,硕士,2019,,,运输监管 / 运输风险评估,危险化学品安全监管,,
上海港散装液态危险化学品水环境风险评估研究,武娟,复旦大学,硕士,2012,"...,构成了巨大的安全和污染风险。一旦发生重大水上交通事故,极可能造成船载危险化学品货物泄漏,对青草沙......,筛选出需要重点监管的散装液态危险化学品名单供政府部门监管参考。具体结论如下...",散装液态危险化学品；风险评估；指标体系,风险评价方法,危险化学品安全监管,,
吉林石化公司危险品仓储管理研究,杜娟,吉林财经大学,硕士,2017,"...;危险品仓储信息化与标准化监管能力较差,缺乏有效的危险品管理信息共享机制,各个库房内危险化学品的名称、数量......,实现实时库存管理,实现实时监控,提升仓库安全;通过引进人才,加强员工培训,建立激励性考核机制...",仓储管理；危险品化学；质量管理；安全管理；信息技术,储存安全,危险化学品安全监管,,
淄博市危险化学品安全生产防控体系研究,魏巍,山东大学,硕士,2017,"...,天津港发生了举世震惊的危险品特大火灾爆炸事故......。危化品的性质决定了在生产过程中潜在的风险和不安全因素高于其他化学品生产,本文以淄博市危化品安全生产防控体系为典型案例进行研究分析......,提出应采取的安全监管措施,最大限度的消除危险和降低事故的严重程度......",淄博市；危化品安全生产防控体系；现状；对策与建议,其他,危险化学品安全监管,,
长江散装液体危险货物运输监管对策研究,徐珑,大连海事大学,硕士,2017,,长江；散装液体危险货物；运输监管；综合执法,运输监管 / 安全监管体系,危险化学品安全监管,,
东营市河口区安全生产监管问题及对策研究,张晓蝉,山东师范大学,硕士,2019,,,安全监管体系,危险化学品安全监管,,
成都市危险化学品重大危险源监督管理系统设计与实现,张志高,电子科技大学,硕士,2013,,,其他,危险化学品安全监管,,
化学工业园区安全生产监管现状及对策研究,周耀,华南理工大学,硕士,2009,,,安全监管体系 / 园区安全管理,危险化学品安全监管,,
基于3s技术的危险品集装箱物流监管中心的研究与开发,程青青,上海交通大学,硕士,2009,,,其他,危险化学品安全监管,,
液货危险品船舶靠离泊安全性评价,吴立丽,大连海事大学,硕士,2012,,,其他,危险化学品安全监管,,
适于政府监管的重大危险源分级方法研究,赵璟玲,中国地质大学(北京),硕士,2015,,,其他,危险化学品安全监管,,
日照港船载危险化学品安全管理对策研究,王强,大连海事大学,硕士,2014,,,其他,危险化学品安全监管,,
宁波市危险化学品空间分布及泄漏灾害模拟地理信息系统研究,朱云飞,宁波大学,硕士,2011,,,其他,危险化学品安全监管,,
江苏省危险化学品道路运输动态监控现状分析与对策研究,李鹏飞,江苏大学,硕士,2007,,,运输监管,危险化学品安全监管,,
危险化学品有机溶剂废液的综合回收利用研究,许琨,华东理工大学,硕士,2016,,,其他,危险化学品安全监管,,
面向重大危险源的人员定位监控系统关键技术研究与应用,彭圣仆,杭州电子科技大学,硕士,2023,,,其他,危险化学品安全监管,,
基于数据挖掘的危险货物道路运输事故机理研究,魏珊珊,长安大学,硕士,2021,"...,我国已成为全球最大的化学品生产国,伴随而生的化工物流也随着生产销售等领域的蓬勃发展而迅速增加......、交通运输部门和公安交通管理部门制定科学、有效的监管方法、事故预防措施和救援方案提供理论基础......、财产损坏和环境破坏,提高危险货物道路运输安全性有一定的帮助作用......",危险货物；道路运输事故；数据挖掘；事故严重程度分析；事故严重程度预测,运输监管,危险化学品安全监管,,
危险品运输监管及应急平台的分析与设计,董智勇,大连理工大学数学科学学院,硕士,2012,"...,危险品在众多领域也随之广泛的被应用。危险化学品制作、加工、经营......,并且威胁到人民的人身安全,导致了不必要的财产损失......。因此本文分析并设计了危险品运输监管及应急平台。本文首先对安监局在危险品运输监控领域以及事故应急的基本职能上进行了解......",,运输监管,危险化学品安全监管,,
基于可变模糊集理论的危险化学品重大危险源风险评价的研究,刘岩,大连交通大学,硕士,2010,"...(GB18218—2009)从重大危险源固有危险方面考虑,而随着经济、技术的发展,物质的种类和储存数量也越来越多,为了配合安全监督管理部门及企业更有效的监管危险化学品重大危险源,区别不同危险化学品重大危险源的危险度差异性...",二元比较分析；可变模糊识别模型；重大危险源风险评价；指标体系,风险评价方法,危险化学品安全监管,,
危险品道路运输的安全问题及对策研究：以NJHX运输公司为例,王洪萍,南京农业大学经济管理学院,硕士,2011,...、毒害、腐蚀、放射性等特殊的物理、化学性质。在道路运输过程中危险性强、危害性大......“事故树分析”方法并选择“危险品货物运输安全监管问题”作为事故树的顶上事件...,危险品；道路运输；安全评估；事故树分析,运输监管,危险化学品安全监管,,
基于窄带物联网的移动式压力容器信息监管技术研究,孟春节,武汉工程大学,硕士,2023,"...移动式压力容器主要充装危险货物或者危险化学品,按照特种设备进行市场监管。现行的移动式压力容器信息监管系统以介质充装......,本文探讨了具备远程实时运行监控功能的移动式压力容器信息监管系统,以推动安全风险管控手段向数字化、网络化、智能化升级...",移动式压力容器；信息监管；运行监控；窄带物联网；云平台,智能化监管,危险化学品安全监管,,
有机反应安全风险研究及安全工艺开发,王晓飞,中国科学院大学,硕士,2022,...化工产品是生活的必需品，化学工业的发展给人们带来了便捷的生活......。但一次次的化工安全事故让许多人对化工产生了错误的认知，认为化工是非常危险的产业。而国家也希望化工行业可以更加安全的发展......，结合国家安全监管总局在2017年下发的《国家安全监管总局关于加强精细化工反应安全风险评估工作的指导意见......,有机反应；风险评估；安全工艺,风险评价方法,危险化学品安全监管,,
TJ石化仓储企业安全管理提升研究,张桐赫,天津工业大学,硕士,2025,"石化仓储安全管理是保障石化行业稳定发展的关键环节......、应急响应能力不足、危险化学品库房不合规等。为了解决这些问题......;强调完善安全管理制度,加强监管和执行力度;倡导引入先进的技术手段......",石化仓储企业；安全管理；提升策略；应急管理,储存安全 / 应急处置,危险化学品安全监管,,
基于博弈理论的危化品安全生产监管中的主体行为分析,张天星,北京化工大学,硕士,2019,,危险化学品；安全投入；安全监管；序贯博弈；演化博弈,安全监管体系,危险化学品安全监管,,
危险品车辆实时风险预警研究及移动端软件设计,孙润,中国地质大学(北京),硕士,2020,,,其他,危险化学品安全监管,,
基于GPS/GPRS/GIS的危险品车辆在途监控预警技术研究,张令勇,山东理工大学,硕士,2010,,,智能化监管,危险化学品安全监管,,
城市道路危险品运输限速与超速报警技术研究,陈万吉,吉林大学交通学院,硕士,2008,,,其他,危险化学品安全监管,,
甘肃出口危险货物包装检验监管现状及对策研究,刘杰,兰州交通大学,硕士,2016,,,安全监管体系,危险化学品安全监管,,
道路危险货物运输安全管理研究,刘晓宾,长安大学,硕士,2006,,,运输监管,危险化学品安全监管,,
江苏省淮安市港口安全监管现状及对策研究,李杰,燕山大学,硕士,2017,,,安全监管体系,危险化学品安全监管,,
奉贤区中小危化企业安全生产监管研究,朱勇全,华东政法大学,硕士,2017,,,其他,危险化学品安全监管,,
东莞市港口危化品安全监管机制研究,王子兴,广西师范大学,硕士,2016,"...、储存的重点区域,也是华南地区危险化学品的主要集散中心,更是危化品道路运输的起点,往来船舶和车辆交通密度大、路况复杂、人员众多。因此,如何强化东莞市港口危化品的安全监管,提高行政主管部门、安全监管职能部门和港口危化品经营储运企业的安全监管和应急救援水平...",港口危化品；安全监管机制；东莞,安全监管体系,危险化学品安全监管,,
危险品运输网络的可靠性博弈分析及减灾系统研究,陈钢铁,西南交通大学,博士,2013,"...、毒害等特殊物理和化学特性,一旦承运这些货物的车辆在运输过程中发生泄漏......,如何确保道路危险品运输安全,降低事故风险...... 研究危险品运输过程中,政府相关的监管部门与危险品运输企业博弈问题......",危险品；运输路网；可靠性；减灾系统；博弈,其他,危险化学品安全监管,,
制药行业危险工艺氟化反应的安全评价,张俪昽,天津工业大学,硕士,2013,...。国家安监总局对危险化学品生产及使用企业十分重视，为了方便对各企业的监管，区分不同企业的危险程度...... 为了保证医药生产企业的安全生产，安全评价是目前最有效，也是运用最普遍的方法。安全评价可以对企业潜在的危险...,制药行业；氟化反应；危险工艺；安全评价；技术改进,风险评价方法,危险化学品安全监管,,
基于物联网的重大危险源监管及应急救援信息系统研究,郑宇,江西理工大学,硕士,2014,...，尤其缺少适用于地方危险化学品重大危险源在线监管和应急救援监测方面的软件系统。本文针对江西省安全生产监督管理局对危险化学品重大危险源的日常监管需求和应急救援指挥需求...,物联网；重大危险源；实时监管；应急救援；系统,应急处置 / 智能化监管,危险化学品安全监管,,
大连湾危险化学品输运过程精细化模拟研究,陈超,上海海洋大学,硕士,2016,"随着我国经济的快速发展,危险化学品的产量和用量迅速增加,种类不断更新......,便于加强政府监管部门的监督,可以对同类型企业进行统一的安全防护指导,避免事故发生...",,其他,危险化学品安全监管,,
制药行业危险工艺氯磺酸磺化反应的安全评价,丁旭东,天津工业大学,硕士,2012,... 本论文采用定性及定量的安全评价方法重点针对藻酸双酯钠生产及储存过程中的火灾爆炸事故进行了安全评价，确定了企业“两重点一重大”的安全现状，包括:藻酸双酯钠生产过程应重点监管的危险化学品有甲醇、环氧丙烷和氯磺酸;应重点监管的危险工艺为氯磺酸磺化工艺...,危险工艺；安全评价；危险辨识；制药行业；氯磺酸；磺化反应,风险评价方法,危险化学品安全监管,,
港口危化品物流风险评估及监管策略研究,周欢,大连海事大学,博士,2020,"...,同时暴露出港口危化品物流中存在较大安全隐患和严重的监管问题,亟需开展有效的风险监督和管理。危险化学品,简称危化品,是一类特殊化学品,具有腐蚀、放射性和易爆...",港口危化品物流；风险评估；WRT模型；演化博弈；监管策略,风险评价方法,危险化学品安全监管,,
员工风险感知对其生产不安全行为的影响及监管启示——嘉兴市为例,吴梦婷,上海交通大学,硕士,2018,"...,因此亟需研究不同因素对员工工作中的不安全行为的影响,从而在此基础上提出政府相应的监管策略,进一步减少安全生产事故的发生。在各类企业中,危险化学品生产企业由于易燃、易爆...",风险感知；不安全行为；影响因素；监管启示,人员安全行为,危险化学品安全监管,,
临沂市安全生产工作对策研究——基于政府监管的视角,滕飞,南京航空航天大学,硕士,2018,"...。作者在临沂市县两级安全监管部门工作7年多时间,从事过应急救援、危险化学品监管、行政许可、行政执法等具体工作,对两级安全监管部门的工作机制基本熟悉...",临沂市；安全；生产工；对策研究；政府监管,其他,危险化学品安全监管,,
连云港市灌云县安全生产监管面临的问题与对策研究,殷成坤,燕山大学,硕士,2017,"...。近年来,通过不断重视安全生产工作,安全生产逐渐趋向良好发展,但总体态势仍然不容乐观。连云港市灌云县作为江苏省危险化学品重点县,县内化工企业数量众多,监管任务艰巨,面临着较多监管问题...",安全生产；监管；事故,其他,危险化学品安全监管,,
化工园区安全生产监管研究——以YHZ化工园区为例,陈鹏,南京理工大学,硕士,2017,"...,造成重大的人身伤亡和财产损失,公众提高对安全生产工作的关注度,特别是对储存有大量易燃易爆、高温高压危险化学品的化工集中区域的安全生产监管。如何更好的监管化工园区安全生产,避免发生有重大影响力的事故...",化工园区；安全生产；监管,园区安全管理,危险化学品安全监管,,
强化昆山市工业企业安全生产主体责任研究——基于政府监管视角,徐瑜浓,苏州大学,硕士,2017,"...、工业企业群规模的扩大以及危险化学品使用量的增加,促使安全生产事故发生风险的概率增加......。相比商贸企业,工业企业是安全生产监管的重中之重。然而大部分企业在市场的激烈竞争中...",昆山市；工业；企业安全生产；主体责任；政府监管,其他,危险化学品安全监管,,
基于电子标签的危化气瓶安全监管系统研究,张捷,复旦大学,硕士,2010,"我国危险化学品气瓶使用数量呈逐年上升趋势,由于气瓶在使用过程中存在着诸多人为操作失误以及有效监管等因素......。 政府对气瓶安全工作高度重视,随着各项危险品安全监管条例的颁布,传统的危化气瓶监管手段例如条码...",RFID；危化气瓶；安全监管；监管系统；RFID中间件,安全监管体系,危险化学品安全监管,,
危险化学品运输的半开放式路径优化研究,周仲鑫,河北工程大学,硕士,2021,,,运输路径优化,危险化学品运输,,
基于多传感器的危险化学品运输监控平台,李沛昂,武汉工程大学,硕士,2025,,,其他,危险化学品运输,,
基于贝叶斯网络的危险化学品运输安全风险评估研究,李雅静,首都经济贸易大学,硕士,2021,,,运输风险评估 / 风险评价方法,危险化学品运输,,
海上危险化学品运输系统韧性研究,马德浩,大连海事大学,硕士,2022,,,其他,危险化学品运输,,
危险化学品运输企业风险评估模型及应用研究,苏进,中国石油大学(华东),硕士,2021,,,运输风险评估 / 风险评价方法,危险化学品运输,,
基于智慧物流生态链的危险化学品运输线路优化研究,陈鹏,沈阳工业大学,硕士,2023,,,其他,危险化学品运输,,
危险化学品运输车辆聚集区域内的动态风险分析,赖昱颖,中国石油大学(北京),硕士,2021,,,运输风险评估,危险化学品运输,,
长江下游危险化学品运输风险及对策研究,石宁,北京化工大学,硕士,2019,,,运输风险评估,危险化学品运输,,
湖南省高速公路危险化学品运输安全管理研究,聂俊江,湖南大学,硕士,2017,,,运输监管,危险化学品运输,,
道路危险化学品运输风险评估模型及选线优化研究,任竞舟,湖南科技大学,硕士,2016,,,运输风险评估 / 风险评价方法,危险化学品运输,,
不确定条件下危险化学品运输路径优化研究,杜皎幔,北京化工大学,硕士,2016,,,运输路径优化,危险化学品运输,,
内河危险化学品运输服务链成本结构分析及优化,贾禹,重庆交通大学,硕士,2013,,,其他,危险化学品运输,,
危险化学品运输过程中安全管理监控系统设计与实现,吴孔峰,厦门大学软件学院,硕士,2012,,危险化学品运输；地理信息；车辆监控；安全管理；系统开发,其他,危险化学品运输,,
长江危险化学品运输的系统风险评估研究,张雷,大连海事大学,硕士,2016,,,运输风险评估 / 风险评价方法,危险化学品运输,,
北京市危险化学品运输引发突发事件的风险管理研究,张瑞鑫,北京交通大学,硕士,2009,,,运输风险评估,危险化学品运输,,
XF集团危险化学品运输管理优化研究,刘剑峰,三峡大学,硕士,2015,,,其他,危险化学品运输,,
危险化学品运输路径及选址问题研究,何洋,北京化工大学,硕士,2014,,,运输路径优化,危险化学品运输,,
内河危险化学品运输应急物资储备策略研究,李雪洁,重庆交通大学,硕士,2013,,,其他,危险化学品运输,,
危险化学品运输综合监测系统研究,吴志华,北京交通大学,硕士,2007,,,其他,危险化学品运输,,
危险化学品运输车辆涉水桥梁交通事故环境风险防治安全设施建设究,严志坚,武汉工程大学,硕士,2017,,,运输风险评估,危险化学品运输,,
重庆内河危险化学品运输企业的运输安全风险管理研究,何娜敏,重庆交通大学,硕士,2014,,,运输风险评估,危险化学品运输,,
物联网环境下危险化学品运输车辆调度问题研究,赵露,合肥工业大学,硕士,2014,,,智能化监管,危险化学品运输,,
危险化学品运输管理平台的设计与其中若干问题的研究,赵新欣,华东师范大学软件学院,硕士,2013,,,其他,危险化学品运输,,
考虑风险性约束的危险化学品运输路径优化研究,李孟波,合肥工业大学,硕士,2013,,,运输路径优化,危险化学品运输,,
黄浦江上游水源地危险化学品运输风险评价及环境管理研究,刘静,华东师范大学资源与环境科学学院环境科学系,硕士,2012,,,运输风险评估 / 风险评价方法,危险化学品运输,,
危险化学品道路运输事故动态风险评估与应急处置研究,王亚坤,北京石油化工学院,硕士,2021,,,运输监管 / 运输风险评估 / 应急处置 / 风险评价方法,危险化学品运输,,
危险化学品停车场责任风险分析及保险研究,郑壹哲,沈阳航空航天大学,硕士,2019,,危险化学品；运输车；停车场；风险评价；保险,运输风险评估 / 风险评价方法,危险化学品运输,,
危险化学品停车场安全防护设施设计研究,姚见,沈阳航空航天大学,硕士,2019,,,其他,危险化学品运输,,
基于GIS的危险化学品道路运输管理研究,韩小刚,华东理工大学,硕士,2014,,,运输监管,危险化学品运输,,
危险化学品道路运输风险评价及管理对策研究,田亚辉,首都经济贸易大学,硕士,2021,,,运输监管 / 运输风险评估 / 风险评价方法,危险化学品运输,,
危险化学品道路运输事故特征分析与推理模型研究,伍江乐,湖南科技大学,硕士,2023,,,运输监管,危险化学品运输,,
基于突变理论的海上散装化学品运输安全研究,刁亚琳,大连海事大学,硕士,2016,,,其他,危险化学品运输,,
多起点半开放式危险品运输路径优化,刘文佳,吉林大学,硕士,2023,,,运输路径优化,危险化学品运输,,
危险化学品事故信息命名实体识别方法研究,戴慧,中国矿业大学,硕士,2023,,,其他,危险化学品运输,,
交通流影响下的危险化学品道路运输动态风险研究,傅佳萍,首都经济贸易大学,硕士,2022,,,运输监管 / 运输风险评估,危险化学品运输,,
危险化学品道路运输突发泄漏入河环境风险评估技术及应用研究,陈思莉,华南理工大学,博士,2022,,,运输监管 / 运输风险评估 / 风险评价方法,危险化学品运输,,
危险化学品公路运输选线指标体系优化研究,王丽,北京化工大学,硕士,2008,,,运输监管,危险化学品运输,,
基于可信性理论危险化学品道路运输物流成本优化——以时间驱动作业成本法的视角,曹锐,石家庄铁道大学,硕士,2023,,,运输监管,危险化学品运输,,
危险化学品道路运输风险评估及动态预测,王影,首都经济贸易大学,硕士,2022,"...,随着我国经济及化工行业的快速发展,危险化学品(简称危化品)生产量及运输量不断增加,以道路运输危险化学品的运输方式占所有方式的70%以上。由于危化品本身具有的特殊性质...",危化品道路运输；贝叶斯网络；风险评估；动态预测；参数学习,运输监管 / 运输风险评估 / 风险评价方法,危险化学品运输,,
危险化学品可靠性选址运输问题研究,范杰,北京化工大学,博士,2020,,危险化学品；仓库故障；选址分配问题；选址路径问题；智能算法,运输路径优化,危险化学品运输,,
危险化学品道路运输风险传导路径与网络脆弱性研究,李泳暾,首都经济贸易大学,硕士,2021,,,运输监管 / 运输风险评估,危险化学品运输,,
危险化学品公路运输的风险分析与保险研究,袁龙海,沈阳航空航天大学,硕士,2019,,,运输监管 / 运输风险评估,危险化学品运输,,
考虑海上救助资源的化学品船海上运输路径规划研究,随东雪,大连海事大学,硕士,2023,,,运输路径优化,危险化学品运输,,
考虑环境敏感区暴露风险的危险品公路运输风险研究,刘文龙,昆明理工大学,硕士,2022,,,运输监管 / 运输风险评估,危险化学品运输,,
危险化学品重大危险源的风险管控与环境安全设计,王文浩,天津工业大学,硕士,2023,,,其他,危险化学品运输,,
危险化学品供应链安全风险研究——以航天A研究院为例,高维川,对外经济贸易大学,硕士,2022,,,其他,危险化学品运输,,
化工园区危险化学品储存风险研究,程婷婷,北京化工大学,硕士,2020,,,储存安全 / 园区安全管理,危险化学品运输,,
数据驱动的道路危险品车辆检测研究,周立建,西南交通大学,硕士,2023,,,其他,危险化学品运输,,
危险化学品内河运输泄漏事故模拟与风险评估技术研究,詹水芬,兰州交通大学,博士,2020,,,运输风险评估 / 事故分析 / 风险评价方法,危险化学品运输,,
基于分层检测算法的危险品运输车辆识别及预警,张浩东,吉林大学,硕士,2019,,,其他,危险化学品运输,,
危险化学品道路运输风险管理研究,席永鹏,沈阳航空航天大学,硕士,2015,,,运输监管 / 运输风险评估,危险化学品运输,,
危险品车辆监控平台的设计与实现,宫晨,山东大学,硕士,2020,,,其他,危险化学品运输,,
危险品的动态车辆路径研究,王青波,北京化工大学,硕士,2020,,,其他,危险化学品运输,,
ZS公司危险化学品储运业务安全隐患管理策略研究,原子鸣,吉林大学,硕士,2020,,,其他,危险化学品运输,,
海洋危险化学品对双壳贝类毒性效应与模拟泄漏实验研究,李禹含,中国海洋大学,硕士,2020,,,其他,危险化学品运输,,
危险化学品燃爆危险性综合评估与分级研究,尚文娟,南京工业大学,硕士,2016,,,其他,危险化学品运输,,
危险化学品公路运输事故情景构建与应急管理研究,曹鹏波,西安建筑科技大学,硕士,2018,,,运输监管 / 应急处置,危险化学品运输,,
LD公司危险品运输管理,季健,西北农林科技大学,硕士,2012,,,其他,危险化学品运输,,
铁路危险货物运输安全风险分析及对策,金哲宇,兰州交通大学,硕士,2022,,,运输风险评估,危险化学品运输,,
山东省危险化学品道路运输风险评价,温彩霞,大连海事大学,硕士,2008,,,运输监管 / 运输风险评估 / 风险评价方法,危险化学品运输,,
液态危险化学品道路运输选线研究,梁启超,北京交通大学,硕士,2010,,,运输监管,危险化学品运输,,
公路运输危险化学品事故后果模拟研究,孙尚新,中国地质大学（武汉）,硕士,2007,,,运输监管,危险化学品运输,,
辽宁省危险化学品道路运输安全评价研究,杜钢,大连海事大学,硕士,2011,,,运输监管 / 风险评价方法,危险化学品运输,,
我国危险化学品绿色运输方式评价,赵杰君,大连海事大学,硕士,2010,,,其他,危险化学品运输,,
某危险品运输车排气系统内流场及温度场研究与结构优化,符耀民,贵州大学,硕士,2019,,,其他,危险化学品运输,,
我国危险化学品事故的安全管理体系原因研究,周琳,中国矿业大学(北京),博士,2018,,,企业安全管理,危险化学品运输,,
危险品水路运输风险评价及控制措施研究,江俐颖,浙江海洋大学,硕士,2017,,,运输风险评估 / 风险评价方法,危险化学品运输,,
危险品道路运输实时在线监控系统设计与实现,谢尧尧,重庆大学,硕士,2017,,,运输监管,危险化学品运输,,
危险气体道路运输泄漏事故后果评估及应急处置研究,王凌睿,湖南科技大学,硕士,2022,,,运输监管 / 应急处置 / 事故分析,危险化学品运输,,
海上散装液体危险化学品装载中“人”因素可靠性研究,张瑞恒,大连海事大学,硕士,2019,,,其他,危险化学品运输,,
基于轨迹数据的区域危险货物道路运输应急救援站点布局研究,肖丹蕾,长安大学,硕士,2022,,,运输监管 / 应急处置,危险化学品运输,,
化工园区危险化学品储存风险管控模型研究,玄军伟,首都经济贸易大学,硕士,2017,"...,在众多化工企业的安全生产事故当中,危险化学品储存阶段的事故也是多发、频发。在2016年12月国务院办公厅印发的《危险化学品安全综合治理方案》和2017年3月交通运输部办公厅印发的《关于加强港口危险货物储罐安全管理的意见...",化工园区；危险化学品；储存；风险管控,储存安全 / 园区安全管理,危险化学品运输,,
危险化学品仓储系统风险评价方法研究,杨卓倩,西南交通大学,硕士,2017,"...随着我国经济的迅速发展,各行各业对危险化学品的需求也在与日俱增。由于具有易燃、易爆、毒性、强烈腐蚀性和放射性等特性,危险化学品在生产、储存、使用、经营、运输、处置等环节面临着巨大安全隐患...",危险化学品；仓储安全；风险评价；耦合协调度模型；灵敏度分析,储存安全 / 风险评价方法,危险化学品运输,,
泉州市危险货物道路运输管理政策执行研究,张俊逸,华侨大学,硕士,2020,,,运输监管,危险化学品运输,,
危险液体化学品运输安全管理研究——以JY公司为例,王梦晨,浙江万里学院,硕士,2014,,,运输监管,危险化学品运输,,
危险化学品道路运输泄漏扩散及火灾事故模拟研究,钱博,南京工业大学,硕士,2014,,,运输监管 / 事故分析,危险化学品运输,,
公路危险品运输决策策略研究,贾红梅,吉林大学交通学院,硕士,2006,,,其他,危险化学品运输,,
危险化学品车辆路径问题及算法研究,王健,北京化工大学,硕士,2016,,,其他,危险化学品运输,,
内河液态危化品运输路线评价研究,朱骋,重庆交通大学,硕士,2025,,,其他,危险化学品运输,,
J企业危险化学品公路运输的风险分析与控制研究,姜长海,华东理工大学,硕士,2013,,,运输监管 / 运输风险评估,危险化学品运输,,
气体类化学品道路运输事故风险评价,刘犀子,北京交通大学,硕士,2017,,,运输监管 / 运输风险评估 / 风险评价方法,危险化学品运输,,
危险化学品事故损失计算研究,王琼,北京化工大学,硕士,2011,,,其他,危险化学品运输,,
淮南市危险化学品安全信息管理系统研究,陈霞,安徽理工大学,硕士,2014,,,其他,危险化学品运输,,
阜新市危险化学品管理机制研究,冯博雅,辽宁工程技术大学,硕士,2014,,,其他,危险化学品运输,,
危险化学品事故环境风险的定量评估及动态演化,任星星,华东理工大学,硕士,2014,"...,事故发生的可能性也大为增加。危险化学品事故不仅会造成人体直接伤害,更对环境构成了极大地威胁。如何定量地评估事故环境风险及其动态演化轨迹不仅是安全生产、运输和处理处置决策的依据和事故预警与应急救援的关键...",危险化学品；定量评估；情景分析；动态演化,其他,危险化学品运输,,
基于遗传算法的危险品运输调度优化研究,杨士宇,大连海事大学,硕士,2013,,遗传算法；危险品；运输调度优化；信息系统,其他,危险化学品运输,,
考虑公平性约束的危险品运输网络设计研究,彭姗姗,北京交通大学,硕士,2013,,,其他,危险化学品运输,,
危险化学品生产企业物流绩效评价研究,刘迅猛,华东理工大学,硕士,2013,,,其他,危险化学品运输,,
危险化学品事故应急设施选址研究,彭云,北京化工大学,硕士,2013,,,运输路径优化,危险化学品运输,,
云南危险品的物流流程风险管理研究,刘猛,昆明理工大学,硕士,2019,,,其他,危险化学品运输,,
鞍山市危险化学品安全管理研究,王碧辉,辽宁大学,硕士,2012,,,其他,危险化学品运输,,
基于海洋微藻的典型危险化学品毒性效应和生物清除研究,王秀粉,中国海洋大学,硕士,2019,,,其他,危险化学品运输,,
基于风险评价的危险化学品码头选址研究,周薇,南京大学,硕士,2012,,,运输路径优化 / 风险评价方法,危险化学品运输,,
用于化学品危险性快速检测的过程强化研究,王德志,青岛科技大学,硕士,2012,,,其他,危险化学品运输,,
危险化学品道路运输事故率计算方法研究,张芮博,北京化工大学,硕士,2017,,,运输监管,危险化学品运输,,
基于BTM模型的危险货物道路运输事故影响因素分析,师静圆,北京交通大学,硕士,2022,,,运输监管,危险化学品运输,,
我国危险化学品货物道路运输风险分析及防范研究,严少伟,苏州大学,硕士,2010,,,运输监管 / 运输风险评估,危险化学品运输,,
巨化集团危险化学品道路运输部门标准体系的研究,张红英,浙江工业大学,硕士,2010,,化工企业；危险化学品；道路运输；标准体系,运输监管,危险化学品运输,,
基于FMEA的莱德公司危化品运输风险管理研究,张兴伟,中国海洋大学,硕士,2014,,,运输风险评估,危险化学品运输,,
公路运输液态化学品风险辨识及危险度评价研究,张建莉,长安大学,硕士,2006,,,运输监管 / 运输风险评估,危险化学品运输,,
危险化学品仓储堆垛安全布局优化,任海胜,北京化工大学,硕士,2019,,,储存安全,危险化学品运输,,
危险化学品罐式集装箱公路运输风险评价研究,郝连胜,上海海事大学,硕士,2007,,,运输监管 / 运输风险评估 / 风险评价方法,危险化学品运输,,
不确定环境下危险化学品库存路径问题研究,胡皓,北京化工大学,博士,2018,,,其他,危险化学品运输,,
基于ZigBee和百度地图的危化品运输跟踪监测系统研究,苑宇坤,中北大学,硕士,2016,,,其他,危险化学品运输,,
危险品运输车辆远程监控系统的设计,马克军,宁夏大学,硕士,2013,,,其他,危险化学品运输,,
基于贝叶斯网络的港区危险品运输事故影响因素分析,李伊人,东南大学,硕士,2017,,,其他,危险化学品运输,,
嘉绍大桥危险品运输风险评估和控制技术研究,祁晨旭,长安大学,硕士,2017,,,运输风险评估 / 风险评价方法,危险化学品运输,,
危化品槽罐车运输安全监测信息处理技术研究,崔远慧,大连理工大学电子科学与技术学院,博士,2013,,,其他,危险化学品运输,,
考虑风险公平性的危险品道路运输路径优化研究,毛洁,西南交通大学,硕士,2017,,,运输监管 / 运输路径优化 / 运输风险评估,危险化学品运输,,
化工企业危险品运输安全管理研究,吕亚君,南京林业大学,硕士,2008,,,运输监管,危险化学品运输,,
危化品道路运输的风险度量与路径优化研究,王春晓,江西理工大学,硕士,2025,,,运输监管 / 运输路径优化 / 运输风险评估,危险化学品运输,,
长江干线危险品运输组织方式优化研究,康旸,武汉理工大学,硕士,2009,"...。2008年,我国内河危险品运输量已达2亿多吨,其中长江水系1.5亿吨,约占全国内河总运量的70%。长江干线危险品运输以原油、成品油、化学品、液化气以及其他固体品种为主...",运输组织方式；模糊层次分析；危险品运输；优化,其他,危险化学品运输,,
基于安全的危险品运输车辆优化调度研究,邹坤,西南交通大学,硕士,2012,,危险化学品；安全；物流配送；车辆调度,其他,危险化学品运输,,
危险品运输路径的动态选择和应急救援研究,陈小峰,同济大学交通运输工程学院,博士,2007,,,应急处置,危险化学品运输,,
危险品道路运输监控决策支持系统研究,闫利勇,重庆交通大学,硕士,2011,,,运输监管,危险化学品运输,,
危险化学品道路运输风险评估系统的应用研究,姜龙,华东交通大学,硕士,2014,,,运输监管 / 运输风险评估 / 风险评价方法,危险化学品运输,,
危险化学品突发环境事件应急处置方法及决策支持系统构建研究,蔡凌,天津大学,博士,2017,,,应急处置,危险化学品运输,,
危险化学品物流中心选址问题研究,武小东,西南交通大学,硕士,2007,,,运输路径优化,危险化学品运输,,
基于生命周期理论的危险化学品安全管理和评价,蔡攀,中山大学化学与化学工程学院,硕士,2009,,,其他,危险化学品运输,,
????????????????????,,,,2020,,,???? / ?????? / ?????? / ???? / ???? / ???? / ?????? / ?????? / ?????? / ?????? / ?????? / ????? / ??????,????_2026-04-01,https://safe.cbpt.cnki.net/WKD/WebPublication/wkTextContent.aspx?colType=4&contentID=&st=05&yt=2020,CNKI????
HAZOP?????????????????,,,,2020,,,???? / ?????? / ?????? / ???? / ???? / ???? / ?????? / ?????? / ?????? / ?????? / ?????? / ????? / ??????,????_2026-04-01,https://safe.cbpt.cnki.net/WKD/WebPublication/wkTextContent.aspx?colType=4&contentID=&st=05&yt=2020,CNKI????
?????????????????????,,,,2022,,,???? / ?????? / ?????? / ???? / ???? / ???? / ?????? / ?????? / ?????? / ?????? / ?????? / ????? / ??????,????_2026-04-01,https://safe.cbpt.cnki.net/WKD/WebPublication/wkTextContent.aspx?colType=4&contentID=&st=08&yt=2022,CNKI????
??????????????????,,,,2026,,,???? / ?????? / ?????? / ???? / ???? / ???? / ?????? / ?????? / ?????? / ?????? / ?????? / ????? / ??????,????_2026-04-01,https://aqhj.cbpt.cnki.net/portal/journal/portal/client/paper_list/type_benqi,CNKI????
AHP-??????????????????????,,,,2026,,,???? / ?????? / ?????? / ???? / ???? / ???? / ?????? / ?????? / ?????? / ?????? / ?????? / ????? / ??????,????_2026-04-01,https://aqhj.cbpt.cnki.net/portal/journal/portal/client/paper_list/type_benqi,CNKI????
HAZOP??????,,,,2006,,,???? / ?????? / ?????? / ???? / ???? / ???? / ?????? / ?????? / ?????? / ?????? / ?????? / ????? / ??????,????_2026-04-01,https://safe.cbpt.cnki.net/portal/journal/portal/client/paperRank_list/type_yinyong,CNKI????
????????????????,,,,2004,,,???? / ?????? / ?????? / ???? / ???? / ???? / ?????? / ?????? / ?????? / ?????? / ?????? / ????? / ??????,????_2026-04-01,https://safe.cbpt.cnki.net/portal/journal/portal/client/paperRank_list/type_yinyong,CNKI????
?????????????,,,,2004,,,???? / ?????? / ?????? / ???? / ???? / ???? / ?????? / ?????? / ?????? / ?????? / ?????? / ????? / ??????,????_2026-04-01,https://safe.cbpt.cnki.net/portal/journal/portal/client/paperRank_list/type_yinyong,CNKI????
?????????????????,,,,2025,,,???? / ?????? / ?????? / ???? / ???? / ???? / ?????? / ?????? / ?????? / ?????? / ?????? / ????? / ??????,????_2026-04-01,https://safe.cbpt.cnki.net/WKD/WebPublication/wkTextContent.aspx?colType=4&contentID=&st=12&yt=2025,CNKI????
??????????????????????,,,,2026,,,???? / ?????? / ?????? / ???? / ???? / ???? / ?????? / ?????? / ?????? / ?????? / ?????? / ????? / ??????,????_2026-04-01,https://aqhj.cbpt.cnki.net/portal/journal/portal/client/paper_list/type_benqi,CNKI????
????????????/???????????,,,,2026,,,???? / ?????? / ?????? / ???? / ???? / ???? / ?????? / ?????? / ?????? / ?????? / ?????? / ????? / ??????,????_2026-04-01,https://aqhj.cbpt.cnki.net/portal/journal/portal/client/paper_list/type_benqi,CNKI????
????????????????????????,,,,2026,,,???? / ?????? / ?????? / ???? / ???? / ???? / ?????? / ?????? / ?????? / ?????? / ?????? / ????? / ??????,????_2026-04-01,https://aqhj.cbpt.cnki.net/portal/journal/portal/client/paper_list/type_benqi,CNKI????
??????????????,,,,1996,,,???? / ?????? / ?????? / ???? / ???? / ???? / ?????? / ?????? / ?????? / ?????? / ?????? / ????? / ??????,????_2026-04-01,https://safe.cbpt.cnki.net/portal/journal/portal/client/paperRank_list/type_yinyong,CNKI????
???????????????????????,,,,2024,,,???? / ?????? / ?????? / ???? / ???? / ???? / ?????? / ?????? / ?????? / ?????? / ?????? / ????? / ??????,????_2026-04-01,https://safe.cbpt.cnki.net/WKD/WebPublication/wkTextContent.aspx?colType=4&contentID=&st=08&yt=2024,CNKI????
?????????????????????????,,,,2024,,,???? / ?????? / ?????? / ???? / ???? / ???? / ?????? / ?????? / ?????? / ?????? / ?????? / ????? / ??????,????_2026-04-01,https://safe.cbpt.cnki.net/WKD/WebPublication/wkTextContent.aspx?colType=4&contentID=&st=08&yt=2024,CNKI????
?????+TOPSIS????????????????,,,,2020,,,???? / ?????? / ?????? / ???? / ???? / ???? / ?????? / ?????? / ?????? / ?????? / ?????? / ????? / ??????,????_2026-04-01,https://safe.cbpt.cnki.net/WKD/WebPublication/wkTextContent.aspx?colType=4&contentID=&st=05&yt=2020,CNKI????
?????????,,,,2021,,,???? / ?????? / ?????? / ???? / ???? / ???? / ?????? / ?????? / ?????? / ?????? / ?????? / ????? / ??????,????_2026-04-01,https://safe.cbpt.cnki.net/portal/journal/portal/client/paperRank_list/type_xiazaipaihang,CNKI????
???????????????,,,,2020,,,???? / ?????? / ?????? / ???? / ???? / ???? / ?????? / ?????? / ?????? / ?????? / ?????? / ????? / ??????,????_2026-04-01,https://safe.cbpt.cnki.net/WKD/WebPublication/wkTextContent.aspx?colType=4&contentID=&st=05&yt=2020,CNKI????
CNG??????????,,,,2021,,,???? / ?????? / ?????? / ???? / ???? / ???? / ?????? / ?????? / ?????? / ?????? / ?????? / ????? / ??????,????_2026-04-01,https://safe.cbpt.cnki.net/portal/journal/portal/client/paperRank_list/type_xiazaipaihang,CNKI????
????????(?),,,,2005,,,???? / ?????? / ?????? / ???? / ???? / ???? / ?????? / ?????? / ?????? / ?????? / ?????? / ????? / ??????,????_2026-04-01,https://safe.cbpt.cnki.net/portal/journal/portal/client/paperRank_list/type_yinyong,CNKI????
6?????????????,,,,2023,,,???? / ?????? / ?????? / ???? / ???? / ???? / ?????? / ?????? / ?????? / ?????? / ?????? / ????? / ??????,????_2026-04-01,https://safe.cbpt.cnki.net/WKD/WebPublication/wkTextContent.aspx?colType=4&contentID=&st=01&yt=2023,CNKI????
????HSE????????,,,??/??,2008,,,???? / ?????? / ?????? / ???? / ???? / ???? / ?????? / ?????? / ?????? / ?????? / ?????,????_??_2026-04-01,https://d.wanfangdata.com.cn/thesis/Y1355355,????-????
??ESN????????????,,,??/??,2015,,,???? / ?????? / ?????? / ???? / ???? / ???? / ?????? / ?????? / ?????? / ?????? / ?????,????_??_2026-04-01,https://d.wanfangdata.com.cn/thesis/D703201,????-????
